{
  "project_info": {
    "project_number": "349231522610",
    "project_id": "damreto1",
    "storage_bucket": "damreto1.appspot.com"
  },
  "client": [
    {
      "client_info": {
        "mobilesdk_app_id": "1:349231522610:android:6cebff26c86ccca83aad2b",
        "android_client_info": {
          "package_name": "Reto1.GymApp.G7"
        }
      },
      "oauth_client": [],
      "api_key": [
        {
          "current_key": "AIzaSyDirOIefBkX4Ss1LGfuOTRE2apZ-UHKmOw"
        }
      ],
      "services": {
        "appinvite_service": {
          "other_platform_oauth_client": []
        }
      }
    },
    {
      "client_info": {
        "mobilesdk_app_id": "1:349231522610:android:a4329ec8ae80ca3c3aad2b",
        "android_client_info": {
          "package_name": "com.example.reto1grupo7"
        }
      },
      "oauth_client": [],
      "api_key": [
        {
          "current_key": "AIzaSyDirOIefBkX4Ss1LGfuOTRE2apZ-UHKmOw"
        }
      ],
      "services": {
        "appinvite_service": {
          "other_platform_oauth_client": []
        }
      }
    }
  ],
  "configuration_version": "1"
}